,clustering,degree,pagerank
clustering,1.0,0.523181529469853,0.31771298408795495
degree,0.523181529469853,1.0,0.9240953475602848
pagerank,0.31771298408795495,0.9240953475602848,1.0
